{"cameraMode":{"drawMode":0,"name":"Shaded","section":"Shading Mode"},"sceneLighting":true,"audioPlay":false,"sceneViewState":{"m_AlwaysRefresh":false,"showFog":true,"showSkybox":true,"showFlares":true,"showImageEffects":true,"showParticleSystems":true,"showVisualEffectGraphs":true,"m_FxEnabled":true},"in2DMode":false,"pivot":{"x":1.3501253128051758,"y":3.5658745765686037,"z":-7.495611190795898},"rotation":{"x":-0.0014247518265619875,"y":-0.9985412359237671,"z":0.033273857086896899,"w":-0.0432448536157608},"size":7.459486484527588,"orthographic":false}